Number of posts,Before - Analysis1,After - Analysis1
30,0.0114219,0.0078232
25,0.0074384,0.0055133
20,0.0058119,0.0029645
15,0.004873,0.0028776
10,0.0046398,0.0027229
5,0.0027114,0.0025256
